{"resolution": 24, "max_beat": 1024, "max_time_shift": 96, "program_instrument_map": {"0": "piano", "1": "piano", "2": "piano", "3": "piano", "4": "electric-piano", "5": "electric-piano", "6": "harpsichord", "7": "clavinet", "8": "celesta", "9": "glockenspiel", "10": "music-box", "11": "vibraphone", "12": "marimba", "13": "xylophone", "14": "tubular-bells", "15": "dulcimer", "16": "organ", "17": "organ", "18": "organ", "19": "church-organ", "20": "organ", "21": "accordion", "22": "harmonica", "23": "bandoneon", "24": "nylon-string-guitar", "25": "steel-string-guitar", "26": "electric-guitar", "27": "electric-guitar", "28": "electric-guitar", "29": "electric-guitar", "30": "electric-guitar", "31": "electric-guitar", "32": "bass", "33": "electric-bass", "34": "electric-bass", "35": "electric-bass", "36": "slap-bass", "37": "slap-bass", "38": "synth-bass", "39": "synth-bass", "40": "violin", "41": "viola", "42": "cello", "43": "contrabass", "44": "strings", "45": "strings", "46": "harp", "47": "timpani", "48": "strings", "49": "strings", "50": "synth-strings", "51": "synth-strings", "52": "voices", "53": "voices", "54": "voices", "55": "orchestra-hit", "56": "trumpet", "57": "trombone", "58": "tuba", "59": "trumpet", "60": "horn", "61": "brasses", "62": "synth-brasses", "63": "synth-brasses", "64": "soprano-saxophone", "65": "alto-saxophone", "66": "tenor-saxophone", "67": "baritone-saxophone", "68": "oboe", "69": "english-horn", "70": "bassoon", "71": "clarinet", "72": "piccolo", "73": "flute", "74": "recorder", "75": "pan-flute", "76": null, "77": null, "78": null, "79": "ocarina", "80": "lead", "81": "lead", "82": "lead", "83": "lead", "84": "lead", "85": "lead", "86": "lead", "87": "lead", "88": "pad", "89": "pad", "90": "pad", "91": "pad", "92": "pad", "93": "pad", "94": "pad", "95": "pad", "96": null, "97": null, "98": null, "99": null, "100": null, "101": null, "102": null, "103": null, "104": "sitar", "105": "banjo", "106": "shamisen", "107": "koto", "108": "kalimba", "109": "bag-pipe", "110": "violin", "111": "shehnai", "112": null, "113": null, "114": null, "115": null, "116": null, "117": "melodic-tom", "118": "synth-drums", "119": "synth-drums", "120": null, "121": null, "122": null, "123": null, "124": null, "125": null, "126": null, "127": null, "128": null}, "instrument_program_map": {"piano": 0, "electric-piano": 4, "harpsichord": 6, "clavinet": 7, "celesta": 8, "glockenspiel": 9, "music-box": 10, "vibraphone": 11, "marimba": 12, "xylophone": 13, "tubular-bells": 14, "dulcimer": 15, "organ": 16, "church-organ": 19, "accordion": 21, "harmonica": 22, "bandoneon": 23, "nylon-string-guitar": 24, "steel-string-guitar": 25, "electric-guitar": 26, "bass": 32, "electric-bass": 33, "slap-bass": 36, "synth-bass": 38, "violin": 40, "viola": 41, "cello": 42, "contrabass": 43, "harp": 46, "timpani": 47, "strings": 49, "synth-strings": 50, "voices": 52, "orchestra-hit": 55, "trumpet": 56, "trombone": 57, "tuba": 58, "horn": 60, "brasses": 61, "synth-brasses": 62, "soprano-saxophone": 64, "alto-saxophone": 65, "tenor-saxophone": 66, "baritone-saxophone": 67, "oboe": 68, "english-horn": 69, "bassoon": 70, "clarinet": 71, "piccolo": 72, "flute": 73, "recorder": 74, "pan-flute": 75, "ocarina": 79, "lead": 80, "pad": 88, "sitar": 104, "banjo": 105, "shamisen": 106, "koto": 107, "kalimba": 108, "bag-pipe": 109, "shehnai": 111, "melodic-tom": 117, "synth-drums": 118}, "event_code_map": {"start-of-song": 0, "end-of-song": 1, "start-of-track": 2, "end-of-track": 3, "instrument_piano": 4, "instrument_electric-piano": 5, "instrument_harpsichord": 6, "instrument_clavinet": 7, "instrument_celesta": 8, "instrument_glockenspiel": 9, "instrument_music-box": 10, "instrument_vibraphone": 11, "instrument_marimba": 12, "instrument_xylophone": 13, "instrument_tubular-bells": 14, "instrument_dulcimer": 15, "instrument_organ": 16, "instrument_church-organ": 17, "instrument_accordion": 18, "instrument_harmonica": 19, "instrument_bandoneon": 20, "instrument_nylon-string-guitar": 21, "instrument_steel-string-guitar": 22, "instrument_electric-guitar": 23, "instrument_bass": 24, "instrument_electric-bass": 25, "instrument_slap-bass": 26, "instrument_synth-bass": 27, "instrument_violin": 28, "instrument_viola": 29, "instrument_cello": 30, "instrument_contrabass": 31, "instrument_harp": 32, "instrument_timpani": 33, "instrument_strings": 34, "instrument_synth-strings": 35, "instrument_voices": 36, "instrument_orchestra-hit": 37, "instrument_trumpet": 38, "instrument_trombone": 39, "instrument_tuba": 40, "instrument_horn": 41, "instrument_brasses": 42, "instrument_synth-brasses": 43, "instrument_soprano-saxophone": 44, "instrument_alto-saxophone": 45, "instrument_tenor-saxophone": 46, "instrument_baritone-saxophone": 47, "instrument_oboe": 48, "instrument_english-horn": 49, "instrument_bassoon": 50, "instrument_clarinet": 51, "instrument_piccolo": 52, "instrument_flute": 53, "instrument_recorder": 54, "instrument_pan-flute": 55, "instrument_ocarina": 56, "instrument_lead": 57, "instrument_pad": 58, "instrument_sitar": 59, "instrument_banjo": 60, "instrument_shamisen": 61, "instrument_koto": 62, "instrument_kalimba": 63, "instrument_bag-pipe": 64, "instrument_shehnai": 65, "instrument_melodic-tom": 66, "instrument_synth-drums": 67, "note-on_0": 68, "note-on_1": 69, "note-on_2": 70, "note-on_3": 71, "note-on_4": 72, "note-on_5": 73, "note-on_6": 74, "note-on_7": 75, "note-on_8": 76, "note-on_9": 77, "note-on_10": 78, "note-on_11": 79, "note-on_12": 80, "note-on_13": 81, "note-on_14": 82, "note-on_15": 83, "note-on_16": 84, "note-on_17": 85, "note-on_18": 86, "note-on_19": 87, "note-on_20": 88, "note-on_21": 89, "note-on_22": 90, "note-on_23": 91, "note-on_24": 92, "note-on_25": 93, "note-on_26": 94, "note-on_27": 95, "note-on_28": 96, "note-on_29": 97, "note-on_30": 98, "note-on_31": 99, "note-on_32": 100, "note-on_33": 101, "note-on_34": 102, "note-on_35": 103, "note-on_36": 104, "note-on_37": 105, "note-on_38": 106, "note-on_39": 107, "note-on_40": 108, "note-on_41": 109, "note-on_42": 110, "note-on_43": 111, "note-on_44": 112, "note-on_45": 113, "note-on_46": 114, "note-on_47": 115, "note-on_48": 116, "note-on_49": 117, "note-on_50": 118, "note-on_51": 119, "note-on_52": 120, "note-on_53": 121, "note-on_54": 122, "note-on_55": 123, "note-on_56": 124, "note-on_57": 125, "note-on_58": 126, "note-on_59": 127, "note-on_60": 128, "note-on_61": 129, "note-on_62": 130, "note-on_63": 131, "note-on_64": 132, "note-on_65": 133, "note-on_66": 134, "note-on_67": 135, "note-on_68": 136, "note-on_69": 137, "note-on_70": 138, "note-on_71": 139, "note-on_72": 140, "note-on_73": 141, "note-on_74": 142, "note-on_75": 143, "note-on_76": 144, "note-on_77": 145, "note-on_78": 146, "note-on_79": 147, "note-on_80": 148, "note-on_81": 149, "note-on_82": 150, "note-on_83": 151, "note-on_84": 152, "note-on_85": 153, "note-on_86": 154, "note-on_87": 155, "note-on_88": 156, "note-on_89": 157, "note-on_90": 158, "note-on_91": 159, "note-on_92": 160, "note-on_93": 161, "note-on_94": 162, "note-on_95": 163, "note-on_96": 164, "note-on_97": 165, "note-on_98": 166, "note-on_99": 167, "note-on_100": 168, "note-on_101": 169, "note-on_102": 170, "note-on_103": 171, "note-on_104": 172, "note-on_105": 173, "note-on_106": 174, "note-on_107": 175, "note-on_108": 176, "note-on_109": 177, "note-on_110": 178, "note-on_111": 179, "note-on_112": 180, "note-on_113": 181, "note-on_114": 182, "note-on_115": 183, "note-on_116": 184, "note-on_117": 185, "note-on_118": 186, "note-on_119": 187, "note-on_120": 188, "note-on_121": 189, "note-on_122": 190, "note-on_123": 191, "note-on_124": 192, "note-on_125": 193, "note-on_126": 194, "note-on_127": 195, "note-off_0": 196, "note-off_1": 197, "note-off_2": 198, "note-off_3": 199, "note-off_4": 200, "note-off_5": 201, "note-off_6": 202, "note-off_7": 203, "note-off_8": 204, "note-off_9": 205, "note-off_10": 206, "note-off_11": 207, "note-off_12": 208, "note-off_13": 209, "note-off_14": 210, "note-off_15": 211, "note-off_16": 212, "note-off_17": 213, "note-off_18": 214, "note-off_19": 215, "note-off_20": 216, "note-off_21": 217, "note-off_22": 218, "note-off_23": 219, "note-off_24": 220, "note-off_25": 221, "note-off_26": 222, "note-off_27": 223, "note-off_28": 224, "note-off_29": 225, "note-off_30": 226, "note-off_31": 227, "note-off_32": 228, "note-off_33": 229, "note-off_34": 230, "note-off_35": 231, "note-off_36": 232, "note-off_37": 233, "note-off_38": 234, "note-off_39": 235, "note-off_40": 236, "note-off_41": 237, "note-off_42": 238, "note-off_43": 239, "note-off_44": 240, "note-off_45": 241, "note-off_46": 242, "note-off_47": 243, "note-off_48": 244, "note-off_49": 245, "note-off_50": 246, "note-off_51": 247, "note-off_52": 248, "note-off_53": 249, "note-off_54": 250, "note-off_55": 251, "note-off_56": 252, "note-off_57": 253, "note-off_58": 254, "note-off_59": 255, "note-off_60": 256, "note-off_61": 257, "note-off_62": 258, "note-off_63": 259, "note-off_64": 260, "note-off_65": 261, "note-off_66": 262, "note-off_67": 263, "note-off_68": 264, "note-off_69": 265, "note-off_70": 266, "note-off_71": 267, "note-off_72": 268, "note-off_73": 269, "note-off_74": 270, "note-off_75": 271, "note-off_76": 272, "note-off_77": 273, "note-off_78": 274, "note-off_79": 275, "note-off_80": 276, "note-off_81": 277, "note-off_82": 278, "note-off_83": 279, "note-off_84": 280, "note-off_85": 281, "note-off_86": 282, "note-off_87": 283, "note-off_88": 284, "note-off_89": 285, "note-off_90": 286, "note-off_91": 287, "note-off_92": 288, "note-off_93": 289, "note-off_94": 290, "note-off_95": 291, "note-off_96": 292, "note-off_97": 293, "note-off_98": 294, "note-off_99": 295, "note-off_100": 296, "note-off_101": 297, "note-off_102": 298, "note-off_103": 299, "note-off_104": 300, "note-off_105": 301, "note-off_106": 302, "note-off_107": 303, "note-off_108": 304, "note-off_109": 305, "note-off_110": 306, "note-off_111": 307, "note-off_112": 308, "note-off_113": 309, "note-off_114": 310, "note-off_115": 311, "note-off_116": 312, "note-off_117": 313, "note-off_118": 314, "note-off_119": 315, "note-off_120": 316, "note-off_121": 317, "note-off_122": 318, "note-off_123": 319, "note-off_124": 320, "note-off_125": 321, "note-off_126": 322, "note-off_127": 323, "time-shift_1": 324, "time-shift_2": 325, "time-shift_3": 326, "time-shift_4": 327, "time-shift_5": 328, "time-shift_6": 329, "time-shift_7": 330, "time-shift_8": 331, "time-shift_9": 332, "time-shift_10": 333, "time-shift_11": 334, "time-shift_12": 335, "time-shift_13": 336, "time-shift_14": 337, "time-shift_15": 338, "time-shift_16": 339, "time-shift_17": 340, "time-shift_18": 341, "time-shift_19": 342, "time-shift_20": 343, "time-shift_21": 344, "time-shift_22": 345, "time-shift_23": 346, "time-shift_24": 347, "time-shift_25": 348, "time-shift_26": 349, "time-shift_27": 350, "time-shift_28": 351, "time-shift_29": 352, "time-shift_30": 353, "time-shift_31": 354, "time-shift_32": 355, "time-shift_33": 356, "time-shift_34": 357, "time-shift_35": 358, "time-shift_36": 359, "time-shift_37": 360, "time-shift_38": 361, "time-shift_39": 362, "time-shift_40": 363, "time-shift_41": 364, "time-shift_42": 365, "time-shift_43": 366, "time-shift_44": 367, "time-shift_45": 368, "time-shift_46": 369, "time-shift_47": 370, "time-shift_48": 371, "time-shift_49": 372, "time-shift_50": 373, "time-shift_51": 374, "time-shift_52": 375, "time-shift_53": 376, "time-shift_54": 377, "time-shift_55": 378, "time-shift_56": 379, "time-shift_57": 380, "time-shift_58": 381, "time-shift_59": 382, "time-shift_60": 383, "time-shift_61": 384, "time-shift_62": 385, "time-shift_63": 386, "time-shift_64": 387, "time-shift_65": 388, "time-shift_66": 389, "time-shift_67": 390, "time-shift_68": 391, "time-shift_69": 392, "time-shift_70": 393, "time-shift_71": 394, "time-shift_72": 395, "time-shift_73": 396, "time-shift_74": 397, "time-shift_75": 398, "time-shift_76": 399, "time-shift_77": 400, "time-shift_78": 401, "time-shift_79": 402, "time-shift_80": 403, "time-shift_81": 404, "time-shift_82": 405, "time-shift_83": 406, "time-shift_84": 407, "time-shift_85": 408, "time-shift_86": 409, "time-shift_87": 410, "time-shift_88": 411, "time-shift_89": 412, "time-shift_90": 413, "time-shift_91": 414, "time-shift_92": 415, "time-shift_93": 416, "time-shift_94": 417, "time-shift_95": 418, "time-shift_96": 419}, "code_event_map": {"0": "start-of-song", "1": "end-of-song", "2": "start-of-track", "3": "end-of-track", "4": "instrument_piano", "5": "instrument_electric-piano", "6": "instrument_harpsichord", "7": "instrument_clavinet", "8": "instrument_celesta", "9": "instrument_glockenspiel", "10": "instrument_music-box", "11": "instrument_vibraphone", "12": "instrument_marimba", "13": "instrument_xylophone", "14": "instrument_tubular-bells", "15": "instrument_dulcimer", "16": "instrument_organ", "17": "instrument_church-organ", "18": "instrument_accordion", "19": "instrument_harmonica", "20": "instrument_bandoneon", "21": "instrument_nylon-string-guitar", "22": "instrument_steel-string-guitar", "23": "instrument_electric-guitar", "24": "instrument_bass", "25": "instrument_electric-bass", "26": "instrument_slap-bass", "27": "instrument_synth-bass", "28": "instrument_violin", "29": "instrument_viola", "30": "instrument_cello", "31": "instrument_contrabass", "32": "instrument_harp", "33": "instrument_timpani", "34": "instrument_strings", "35": "instrument_synth-strings", "36": "instrument_voices", "37": "instrument_orchestra-hit", "38": "instrument_trumpet", "39": "instrument_trombone", "40": "instrument_tuba", "41": "instrument_horn", "42": "instrument_brasses", "43": "instrument_synth-brasses", "44": "instrument_soprano-saxophone", "45": "instrument_alto-saxophone", "46": "instrument_tenor-saxophone", "47": "instrument_baritone-saxophone", "48": "instrument_oboe", "49": "instrument_english-horn", "50": "instrument_bassoon", "51": "instrument_clarinet", "52": "instrument_piccolo", "53": "instrument_flute", "54": "instrument_recorder", "55": "instrument_pan-flute", "56": "instrument_ocarina", "57": "instrument_lead", "58": "instrument_pad", "59": "instrument_sitar", "60": "instrument_banjo", "61": "instrument_shamisen", "62": "instrument_koto", "63": "instrument_kalimba", "64": "instrument_bag-pipe", "65": "instrument_shehnai", "66": "instrument_melodic-tom", "67": "instrument_synth-drums", "68": "note-on_0", "69": "note-on_1", "70": "note-on_2", "71": "note-on_3", "72": "note-on_4", "73": "note-on_5", "74": "note-on_6", "75": "note-on_7", "76": "note-on_8", "77": "note-on_9", "78": "note-on_10", "79": "note-on_11", "80": "note-on_12", "81": "note-on_13", "82": "note-on_14", "83": "note-on_15", "84": "note-on_16", "85": "note-on_17", "86": "note-on_18", "87": "note-on_19", "88": "note-on_20", "89": "note-on_21", "90": "note-on_22", "91": "note-on_23", "92": "note-on_24", "93": "note-on_25", "94": "note-on_26", "95": "note-on_27", "96": "note-on_28", "97": "note-on_29", "98": "note-on_30", "99": "note-on_31", "100": "note-on_32", "101": "note-on_33", "102": "note-on_34", "103": "note-on_35", "104": "note-on_36", "105": "note-on_37", "106": "note-on_38", "107": "note-on_39", "108": "note-on_40", "109": "note-on_41", "110": "note-on_42", "111": "note-on_43", "112": "note-on_44", "113": "note-on_45", "114": "note-on_46", "115": "note-on_47", "116": "note-on_48", "117": "note-on_49", "118": "note-on_50", "119": "note-on_51", "120": "note-on_52", "121": "note-on_53", "122": "note-on_54", "123": "note-on_55", "124": "note-on_56", "125": "note-on_57", "126": "note-on_58", "127": "note-on_59", "128": "note-on_60", "129": "note-on_61", "130": "note-on_62", "131": "note-on_63", "132": "note-on_64", "133": "note-on_65", "134": "note-on_66", "135": "note-on_67", "136": "note-on_68", "137": "note-on_69", "138": "note-on_70", "139": "note-on_71", "140": "note-on_72", "141": "note-on_73", "142": "note-on_74", "143": "note-on_75", "144": "note-on_76", "145": "note-on_77", "146": "note-on_78", "147": "note-on_79", "148": "note-on_80", "149": "note-on_81", "150": "note-on_82", "151": "note-on_83", "152": "note-on_84", "153": "note-on_85", "154": "note-on_86", "155": "note-on_87", "156": "note-on_88", "157": "note-on_89", "158": "note-on_90", "159": "note-on_91", "160": "note-on_92", "161": "note-on_93", "162": "note-on_94", "163": "note-on_95", "164": "note-on_96", "165": "note-on_97", "166": "note-on_98", "167": "note-on_99", "168": "note-on_100", "169": "note-on_101", "170": "note-on_102", "171": "note-on_103", "172": "note-on_104", "173": "note-on_105", "174": "note-on_106", "175": "note-on_107", "176": "note-on_108", "177": "note-on_109", "178": "note-on_110", "179": "note-on_111", "180": "note-on_112", "181": "note-on_113", "182": "note-on_114", "183": "note-on_115", "184": "note-on_116", "185": "note-on_117", "186": "note-on_118", "187": "note-on_119", "188": "note-on_120", "189": "note-on_121", "190": "note-on_122", "191": "note-on_123", "192": "note-on_124", "193": "note-on_125", "194": "note-on_126", "195": "note-on_127", "196": "note-off_0", "197": "note-off_1", "198": "note-off_2", "199": "note-off_3", "200": "note-off_4", "201": "note-off_5", "202": "note-off_6", "203": "note-off_7", "204": "note-off_8", "205": "note-off_9", "206": "note-off_10", "207": "note-off_11", "208": "note-off_12", "209": "note-off_13", "210": "note-off_14", "211": "note-off_15", "212": "note-off_16", "213": "note-off_17", "214": "note-off_18", "215": "note-off_19", "216": "note-off_20", "217": "note-off_21", "218": "note-off_22", "219": "note-off_23", "220": "note-off_24", "221": "note-off_25", "222": "note-off_26", "223": "note-off_27", "224": "note-off_28", "225": "note-off_29", "226": "note-off_30", "227": "note-off_31", "228": "note-off_32", "229": "note-off_33", "230": "note-off_34", "231": "note-off_35", "232": "note-off_36", "233": "note-off_37", "234": "note-off_38", "235": "note-off_39", "236": "note-off_40", "237": "note-off_41", "238": "note-off_42", "239": "note-off_43", "240": "note-off_44", "241": "note-off_45", "242": "note-off_46", "243": "note-off_47", "244": "note-off_48", "245": "note-off_49", "246": "note-off_50", "247": "note-off_51", "248": "note-off_52", "249": "note-off_53", "250": "note-off_54", "251": "note-off_55", "252": "note-off_56", "253": "note-off_57", "254": "note-off_58", "255": "note-off_59", "256": "note-off_60", "257": "note-off_61", "258": "note-off_62", "259": "note-off_63", "260": "note-off_64", "261": "note-off_65", "262": "note-off_66", "263": "note-off_67", "264": "note-off_68", "265": "note-off_69", "266": "note-off_70", "267": "note-off_71", "268": "note-off_72", "269": "note-off_73", "270": "note-off_74", "271": "note-off_75", "272": "note-off_76", "273": "note-off_77", "274": "note-off_78", "275": "note-off_79", "276": "note-off_80", "277": "note-off_81", "278": "note-off_82", "279": "note-off_83", "280": "note-off_84", "281": "note-off_85", "282": "note-off_86", "283": "note-off_87", "284": "note-off_88", "285": "note-off_89", "286": "note-off_90", "287": "note-off_91", "288": "note-off_92", "289": "note-off_93", "290": "note-off_94", "291": "note-off_95", "292": "note-off_96", "293": "note-off_97", "294": "note-off_98", "295": "note-off_99", "296": "note-off_100", "297": "note-off_101", "298": "note-off_102", "299": "note-off_103", "300": "note-off_104", "301": "note-off_105", "302": "note-off_106", "303": "note-off_107", "304": "note-off_108", "305": "note-off_109", "306": "note-off_110", "307": "note-off_111", "308": "note-off_112", "309": "note-off_113", "310": "note-off_114", "311": "note-off_115", "312": "note-off_116", "313": "note-off_117", "314": "note-off_118", "315": "note-off_119", "316": "note-off_120", "317": "note-off_121", "318": "note-off_122", "319": "note-off_123", "320": "note-off_124", "321": "note-off_125", "322": "note-off_126", "323": "note-off_127", "324": "time-shift_1", "325": "time-shift_2", "326": "time-shift_3", "327": "time-shift_4", "328": "time-shift_5", "329": "time-shift_6", "330": "time-shift_7", "331": "time-shift_8", "332": "time-shift_9", "333": "time-shift_10", "334": "time-shift_11", "335": "time-shift_12", "336": "time-shift_13", "337": "time-shift_14", "338": "time-shift_15", "339": "time-shift_16", "340": "time-shift_17", "341": "time-shift_18", "342": "time-shift_19", "343": "time-shift_20", "344": "time-shift_21", "345": "time-shift_22", "346": "time-shift_23", "347": "time-shift_24", "348": "time-shift_25", "349": "time-shift_26", "350": "time-shift_27", "351": "time-shift_28", "352": "time-shift_29", "353": "time-shift_30", "354": "time-shift_31", "355": "time-shift_32", "356": "time-shift_33", "357": "time-shift_34", "358": "time-shift_35", "359": "time-shift_36", "360": "time-shift_37", "361": "time-shift_38", "362": "time-shift_39", "363": "time-shift_40", "364": "time-shift_41", "365": "time-shift_42", "366": "time-shift_43", "367": "time-shift_44", "368": "time-shift_45", "369": "time-shift_46", "370": "time-shift_47", "371": "time-shift_48", "372": "time-shift_49", "373": "time-shift_50", "374": "time-shift_51", "375": "time-shift_52", "376": "time-shift_53", "377": "time-shift_54", "378": "time-shift_55", "379": "time-shift_56", "380": "time-shift_57", "381": "time-shift_58", "382": "time-shift_59", "383": "time-shift_60", "384": "time-shift_61", "385": "time-shift_62", "386": "time-shift_63", "387": "time-shift_64", "388": "time-shift_65", "389": "time-shift_66", "390": "time-shift_67", "391": "time-shift_68", "392": "time-shift_69", "393": "time-shift_70", "394": "time-shift_71", "395": "time-shift_72", "396": "time-shift_73", "397": "time-shift_74", "398": "time-shift_75", "399": "time-shift_76", "400": "time-shift_77", "401": "time-shift_78", "402": "time-shift_79", "403": "time-shift_80", "404": "time-shift_81", "405": "time-shift_82", "406": "time-shift_83", "407": "time-shift_84", "408": "time-shift_85", "409": "time-shift_86", "410": "time-shift_87", "411": "time-shift_88", "412": "time-shift_89", "413": "time-shift_90", "414": "time-shift_91", "415": "time-shift_92", "416": "time-shift_93", "417": "time-shift_94", "418": "time-shift_95", "419": "time-shift_96"}}