{"resolution": 24, "max_beat": 1024, "max_duration": 384, "program_instrument_map": {"0": "piano", "1": "piano", "2": "piano", "3": "piano", "4": "electric-piano", "5": "electric-piano", "6": "harpsichord", "7": "clavinet", "8": "celesta", "9": "glockenspiel", "10": "music-box", "11": "vibraphone", "12": "marimba", "13": "xylophone", "14": "tubular-bells", "15": "dulcimer", "16": "organ", "17": "organ", "18": "organ", "19": "church-organ", "20": "organ", "21": "accordion", "22": "harmonica", "23": "bandoneon", "24": "nylon-string-guitar", "25": "steel-string-guitar", "26": "electric-guitar", "27": "electric-guitar", "28": "electric-guitar", "29": "electric-guitar", "30": "electric-guitar", "31": "electric-guitar", "32": "bass", "33": "electric-bass", "34": "electric-bass", "35": "electric-bass", "36": "slap-bass", "37": "slap-bass", "38": "synth-bass", "39": "synth-bass", "40": "violin", "41": "viola", "42": "cello", "43": "contrabass", "44": "strings", "45": "strings", "46": "harp", "47": "timpani", "48": "strings", "49": "strings", "50": "synth-strings", "51": "synth-strings", "52": "voices", "53": "voices", "54": "voices", "55": "orchestra-hit", "56": "trumpet", "57": "trombone", "58": "tuba", "59": "trumpet", "60": "horn", "61": "brasses", "62": "synth-brasses", "63": "synth-brasses", "64": "soprano-saxophone", "65": "alto-saxophone", "66": "tenor-saxophone", "67": "baritone-saxophone", "68": "oboe", "69": "english-horn", "70": "bassoon", "71": "clarinet", "72": "piccolo", "73": "flute", "74": "recorder", "75": "pan-flute", "76": null, "77": null, "78": null, "79": "ocarina", "80": "lead", "81": "lead", "82": "lead", "83": "lead", "84": "lead", "85": "lead", "86": "lead", "87": "lead", "88": "pad", "89": "pad", "90": "pad", "91": "pad", "92": "pad", "93": "pad", "94": "pad", "95": "pad", "96": null, "97": null, "98": null, "99": null, "100": null, "101": null, "102": null, "103": null, "104": "sitar", "105": "banjo", "106": "shamisen", "107": "koto", "108": "kalimba", "109": "bag-pipe", "110": "violin", "111": "shehnai", "112": null, "113": null, "114": null, "115": null, "116": null, "117": "melodic-tom", "118": "synth-drums", "119": "synth-drums", "120": null, "121": null, "122": null, "123": null, "124": null, "125": null, "126": null, "127": null, "128": null}, "instrument_program_map": {"piano": 0, "electric-piano": 4, "harpsichord": 6, "clavinet": 7, "celesta": 8, "glockenspiel": 9, "music-box": 10, "vibraphone": 11, "marimba": 12, "xylophone": 13, "tubular-bells": 14, "dulcimer": 15, "organ": 16, "church-organ": 19, "accordion": 21, "harmonica": 22, "bandoneon": 23, "nylon-string-guitar": 24, "steel-string-guitar": 25, "electric-guitar": 26, "bass": 32, "electric-bass": 33, "slap-bass": 36, "synth-bass": 38, "violin": 40, "viola": 41, "cello": 42, "contrabass": 43, "harp": 46, "timpani": 47, "strings": 49, "synth-strings": 50, "voices": 52, "orchestra-hit": 55, "trumpet": 56, "trombone": 57, "tuba": 58, "horn": 60, "brasses": 61, "synth-brasses": 62, "soprano-saxophone": 64, "alto-saxophone": 65, "tenor-saxophone": 66, "baritone-saxophone": 67, "oboe": 68, "english-horn": 69, "bassoon": 70, "clarinet": 71, "piccolo": 72, "flute": 73, "recorder": 74, "pan-flute": 75, "ocarina": 79, "lead": 80, "pad": 88, "sitar": 104, "banjo": 105, "shamisen": 106, "koto": 107, "kalimba": 108, "bag-pipe": 109, "shehnai": 111, "melodic-tom": 117, "synth-drums": 118}, "duration_map": {"1": 1, "2": 2, "3": 3, "4": 3, "5": 3, "6": 3, "7": 3, "8": 12, "9": 12, "10": 12, "11": 12, "12": 12, "13": 12, "14": 15, "15": 15, "16": 16, "17": 16, "18": 18, "19": 18, "20": 20, "21": 21, "22": 21, "23": 24, "24": 24, "25": 24, "26": 24, "27": 24, "28": 30, "29": 30, "30": 30, "31": 30, "32": 30, "33": 30, "34": 36, "35": 36, "36": 36, "37": 36, "38": 36, "39": 40, "40": 40, "41": 40, "42": 42, "43": 42, "44": 42, "45": 42, "46": 48, "47": 48, "48": 48, "49": 48, "50": 48, "51": 48, "52": 48, "53": 48, "54": 48, "55": 60, "56": 60, "57": 60, "58": 60, "59": 60, "60": 60, "61": 60, "62": 60, "63": 60, "64": 60, "65": 60, "66": 60, "67": 72, "68": 72, "69": 72, "70": 72, "71": 72, "72": 72, "73": 72, "74": 72, "75": 72, "76": 72, "77": 72, "78": 72, "79": 84, "80": 84, "81": 84, "82": 84, "83": 84, "84": 84, "85": 84, "86": 84, "87": 84, "88": 84, "89": 84, "90": 84, "91": 96, "92": 96, "93": 96, "94": 96, "95": 96, "96": 96, "97": 96, "98": 96, "99": 96, "100": 96, "101": 96, "102": 96, "103": 96, "104": 96, "105": 96, "106": 96, "107": 96, "108": 96, "109": 120, "110": 120, "111": 120, "112": 120, "113": 120, "114": 120, "115": 120, "116": 120, "117": 120, "118": 120, "119": 120, "120": 120, "121": 120, "122": 120, "123": 120, "124": 120, "125": 120, "126": 120, "127": 120, "128": 120, "129": 120, "130": 120, "131": 120, "132": 120, "133": 144, "134": 144, "135": 144, "136": 144, "137": 144, "138": 144, "139": 144, "140": 144, "141": 144, "142": 144, "143": 144, "144": 144, "145": 144, "146": 144, "147": 144, "148": 144, "149": 144, "150": 144, "151": 144, "152": 144, "153": 144, "154": 144, "155": 144, "156": 144, "157": 168, "158": 168, "159": 168, "160": 168, "161": 168, "162": 168, "163": 168, "164": 168, "165": 168, "166": 168, "167": 168, "168": 168, "169": 168, "170": 168, "171": 168, "172": 168, "173": 168, "174": 168, "175": 168, "176": 168, "177": 168, "178": 168, "179": 168, "180": 168, "181": 192, "182": 192, "183": 192, "184": 192, "185": 192, "186": 192, "187": 192, "188": 192, "189": 192, "190": 192, "191": 192, "192": 192, "193": 192, "194": 192, "195": 192, "196": 192, "197": 192, "198": 192, "199": 192, "200": 192, "201": 192, "202": 192, "203": 192, "204": 192, "205": 192, "206": 192, "207": 192, "208": 192, "209": 192, "210": 192, "211": 192, "212": 192, "213": 192, "214": 192, "215": 192, "216": 192, "217": 192, "218": 192, "219": 192, "220": 192, "221": 192, "222": 192, "223": 192, "224": 192, "225": 192, "226": 192, "227": 192, "228": 192, "229": 192, "230": 192, "231": 192, "232": 192, "233": 192, "234": 192, "235": 192, "236": 192, "237": 192, "238": 192, "239": 192, "240": 192, "241": 192, "242": 192, "243": 192, "244": 192, "245": 192, "246": 192, "247": 192, "248": 192, "249": 192, "250": 192, "251": 192, "252": 192, "253": 192, "254": 192, "255": 192, "256": 192, "257": 192, "258": 192, "259": 192, "260": 192, "261": 192, "262": 192, "263": 192, "264": 192, "265": 192, "266": 192, "267": 192, "268": 192, "269": 192, "270": 192, "271": 192, "272": 192, "273": 192, "274": 192, "275": 192, "276": 192, "277": 192, "278": 192, "279": 192, "280": 192, "281": 192, "282": 192, "283": 192, "284": 192, "285": 192, "286": 192, "287": 192, "288": 192, "289": 384, "290": 384, "291": 384, "292": 384, "293": 384, "294": 384, "295": 384, "296": 384, "297": 384, "298": 384, "299": 384, "300": 384, "301": 384, "302": 384, "303": 384, "304": 384, "305": 384, "306": 384, "307": 384, "308": 384, "309": 384, "310": 384, "311": 384, "312": 384, "313": 384, "314": 384, "315": 384, "316": 384, "317": 384, "318": 384, "319": 384, "320": 384, "321": 384, "322": 384, "323": 384, "324": 384, "325": 384, "326": 384, "327": 384, "328": 384, "329": 384, "330": 384, "331": 384, "332": 384, "333": 384, "334": 384, "335": 384, "336": 384, "337": 384, "338": 384, "339": 384, "340": 384, "341": 384, "342": 384, "343": 384, "344": 384, "345": 384, "346": 384, "347": 384, "348": 384, "349": 384, "350": 384, "351": 384, "352": 384, "353": 384, "354": 384, "355": 384, "356": 384, "357": 384, "358": 384, "359": 384, "360": 384, "361": 384, "362": 384, "363": 384, "364": 384, "365": 384, "366": 384, "367": 384, "368": 384, "369": 384, "370": 384, "371": 384, "372": 384, "373": 384, "374": 384, "375": 384, "376": 384, "377": 384, "378": 384, "379": 384, "380": 384, "381": 384, "382": 384, "383": 384, "384": 384}, "event_code_map": {"start-of-song": 0, "end-of-song": 1, "start-of-track": 2, "end-of-track": 3, "beat_0": 4, "beat_1": 5, "beat_2": 6, "beat_3": 7, "beat_4": 8, "beat_5": 9, "beat_6": 10, "beat_7": 11, "beat_8": 12, "beat_9": 13, "beat_10": 14, "beat_11": 15, "beat_12": 16, "beat_13": 17, "beat_14": 18, "beat_15": 19, "beat_16": 20, "beat_17": 21, "beat_18": 22, "beat_19": 23, "beat_20": 24, "beat_21": 25, "beat_22": 26, "beat_23": 27, "beat_24": 28, "beat_25": 29, "beat_26": 30, "beat_27": 31, "beat_28": 32, "beat_29": 33, "beat_30": 34, "beat_31": 35, "beat_32": 36, "beat_33": 37, "beat_34": 38, "beat_35": 39, "beat_36": 40, "beat_37": 41, "beat_38": 42, "beat_39": 43, "beat_40": 44, "beat_41": 45, "beat_42": 46, "beat_43": 47, "beat_44": 48, "beat_45": 49, "beat_46": 50, "beat_47": 51, "beat_48": 52, "beat_49": 53, "beat_50": 54, "beat_51": 55, "beat_52": 56, "beat_53": 57, "beat_54": 58, "beat_55": 59, "beat_56": 60, "beat_57": 61, "beat_58": 62, "beat_59": 63, "beat_60": 64, "beat_61": 65, "beat_62": 66, "beat_63": 67, "beat_64": 68, "beat_65": 69, "beat_66": 70, "beat_67": 71, "beat_68": 72, "beat_69": 73, "beat_70": 74, "beat_71": 75, "beat_72": 76, "beat_73": 77, "beat_74": 78, "beat_75": 79, "beat_76": 80, "beat_77": 81, "beat_78": 82, "beat_79": 83, "beat_80": 84, "beat_81": 85, "beat_82": 86, "beat_83": 87, "beat_84": 88, "beat_85": 89, "beat_86": 90, "beat_87": 91, "beat_88": 92, "beat_89": 93, "beat_90": 94, "beat_91": 95, "beat_92": 96, "beat_93": 97, "beat_94": 98, "beat_95": 99, "beat_96": 100, "beat_97": 101, "beat_98": 102, "beat_99": 103, "beat_100": 104, "beat_101": 105, "beat_102": 106, "beat_103": 107, "beat_104": 108, "beat_105": 109, "beat_106": 110, "beat_107": 111, "beat_108": 112, "beat_109": 113, "beat_110": 114, "beat_111": 115, "beat_112": 116, "beat_113": 117, "beat_114": 118, "beat_115": 119, "beat_116": 120, "beat_117": 121, "beat_118": 122, "beat_119": 123, "beat_120": 124, "beat_121": 125, "beat_122": 126, "beat_123": 127, "beat_124": 128, "beat_125": 129, "beat_126": 130, "beat_127": 131, "beat_128": 132, "beat_129": 133, "beat_130": 134, "beat_131": 135, "beat_132": 136, "beat_133": 137, "beat_134": 138, "beat_135": 139, "beat_136": 140, "beat_137": 141, "beat_138": 142, "beat_139": 143, "beat_140": 144, "beat_141": 145, "beat_142": 146, "beat_143": 147, "beat_144": 148, "beat_145": 149, "beat_146": 150, "beat_147": 151, "beat_148": 152, "beat_149": 153, "beat_150": 154, "beat_151": 155, "beat_152": 156, "beat_153": 157, "beat_154": 158, "beat_155": 159, "beat_156": 160, "beat_157": 161, "beat_158": 162, "beat_159": 163, "beat_160": 164, "beat_161": 165, "beat_162": 166, "beat_163": 167, "beat_164": 168, "beat_165": 169, "beat_166": 170, "beat_167": 171, "beat_168": 172, "beat_169": 173, "beat_170": 174, "beat_171": 175, "beat_172": 176, "beat_173": 177, "beat_174": 178, "beat_175": 179, "beat_176": 180, "beat_177": 181, "beat_178": 182, "beat_179": 183, "beat_180": 184, "beat_181": 185, "beat_182": 186, "beat_183": 187, "beat_184": 188, "beat_185": 189, "beat_186": 190, "beat_187": 191, "beat_188": 192, "beat_189": 193, "beat_190": 194, "beat_191": 195, "beat_192": 196, "beat_193": 197, "beat_194": 198, "beat_195": 199, "beat_196": 200, "beat_197": 201, "beat_198": 202, "beat_199": 203, "beat_200": 204, "beat_201": 205, "beat_202": 206, "beat_203": 207, "beat_204": 208, "beat_205": 209, "beat_206": 210, "beat_207": 211, "beat_208": 212, "beat_209": 213, "beat_210": 214, "beat_211": 215, "beat_212": 216, "beat_213": 217, "beat_214": 218, "beat_215": 219, "beat_216": 220, "beat_217": 221, "beat_218": 222, "beat_219": 223, "beat_220": 224, "beat_221": 225, "beat_222": 226, "beat_223": 227, "beat_224": 228, "beat_225": 229, "beat_226": 230, "beat_227": 231, "beat_228": 232, "beat_229": 233, "beat_230": 234, "beat_231": 235, "beat_232": 236, "beat_233": 237, "beat_234": 238, "beat_235": 239, "beat_236": 240, "beat_237": 241, "beat_238": 242, "beat_239": 243, "beat_240": 244, "beat_241": 245, "beat_242": 246, "beat_243": 247, "beat_244": 248, "beat_245": 249, "beat_246": 250, "beat_247": 251, "beat_248": 252, "beat_249": 253, "beat_250": 254, "beat_251": 255, "beat_252": 256, "beat_253": 257, "beat_254": 258, "beat_255": 259, "beat_256": 260, "beat_257": 261, "beat_258": 262, "beat_259": 263, "beat_260": 264, "beat_261": 265, "beat_262": 266, "beat_263": 267, "beat_264": 268, "beat_265": 269, "beat_266": 270, "beat_267": 271, "beat_268": 272, "beat_269": 273, "beat_270": 274, "beat_271": 275, "beat_272": 276, "beat_273": 277, "beat_274": 278, "beat_275": 279, "beat_276": 280, "beat_277": 281, "beat_278": 282, "beat_279": 283, "beat_280": 284, "beat_281": 285, "beat_282": 286, "beat_283": 287, "beat_284": 288, "beat_285": 289, "beat_286": 290, "beat_287": 291, "beat_288": 292, "beat_289": 293, "beat_290": 294, "beat_291": 295, "beat_292": 296, "beat_293": 297, "beat_294": 298, "beat_295": 299, "beat_296": 300, "beat_297": 301, "beat_298": 302, "beat_299": 303, "beat_300": 304, "beat_301": 305, "beat_302": 306, "beat_303": 307, "beat_304": 308, "beat_305": 309, "beat_306": 310, "beat_307": 311, "beat_308": 312, "beat_309": 313, "beat_310": 314, "beat_311": 315, "beat_312": 316, "beat_313": 317, "beat_314": 318, "beat_315": 319, "beat_316": 320, "beat_317": 321, "beat_318": 322, "beat_319": 323, "beat_320": 324, "beat_321": 325, "beat_322": 326, "beat_323": 327, "beat_324": 328, "beat_325": 329, "beat_326": 330, "beat_327": 331, "beat_328": 332, "beat_329": 333, "beat_330": 334, "beat_331": 335, "beat_332": 336, "beat_333": 337, "beat_334": 338, "beat_335": 339, "beat_336": 340, "beat_337": 341, "beat_338": 342, "beat_339": 343, "beat_340": 344, "beat_341": 345, "beat_342": 346, "beat_343": 347, "beat_344": 348, "beat_345": 349, "beat_346": 350, "beat_347": 351, "beat_348": 352, "beat_349": 353, "beat_350": 354, "beat_351": 355, "beat_352": 356, "beat_353": 357, "beat_354": 358, "beat_355": 359, "beat_356": 360, "beat_357": 361, "beat_358": 362, "beat_359": 363, "beat_360": 364, "beat_361": 365, "beat_362": 366, "beat_363": 367, "beat_364": 368, "beat_365": 369, "beat_366": 370, "beat_367": 371, "beat_368": 372, "beat_369": 373, "beat_370": 374, "beat_371": 375, "beat_372": 376, "beat_373": 377, "beat_374": 378, "beat_375": 379, "beat_376": 380, "beat_377": 381, "beat_378": 382, "beat_379": 383, "beat_380": 384, "beat_381": 385, "beat_382": 386, "beat_383": 387, "beat_384": 388, "beat_385": 389, "beat_386": 390, "beat_387": 391, "beat_388": 392, "beat_389": 393, "beat_390": 394, "beat_391": 395, "beat_392": 396, "beat_393": 397, "beat_394": 398, "beat_395": 399, "beat_396": 400, "beat_397": 401, "beat_398": 402, "beat_399": 403, "beat_400": 404, "beat_401": 405, "beat_402": 406, "beat_403": 407, "beat_404": 408, "beat_405": 409, "beat_406": 410, "beat_407": 411, "beat_408": 412, "beat_409": 413, "beat_410": 414, "beat_411": 415, "beat_412": 416, "beat_413": 417, "beat_414": 418, "beat_415": 419, "beat_416": 420, "beat_417": 421, "beat_418": 422, "beat_419": 423, "beat_420": 424, "beat_421": 425, "beat_422": 426, "beat_423": 427, "beat_424": 428, "beat_425": 429, "beat_426": 430, "beat_427": 431, "beat_428": 432, "beat_429": 433, "beat_430": 434, "beat_431": 435, "beat_432": 436, "beat_433": 437, "beat_434": 438, "beat_435": 439, "beat_436": 440, "beat_437": 441, "beat_438": 442, "beat_439": 443, "beat_440": 444, "beat_441": 445, "beat_442": 446, "beat_443": 447, "beat_444": 448, "beat_445": 449, "beat_446": 450, "beat_447": 451, "beat_448": 452, "beat_449": 453, "beat_450": 454, "beat_451": 455, "beat_452": 456, "beat_453": 457, "beat_454": 458, "beat_455": 459, "beat_456": 460, "beat_457": 461, "beat_458": 462, "beat_459": 463, "beat_460": 464, "beat_461": 465, "beat_462": 466, "beat_463": 467, "beat_464": 468, "beat_465": 469, "beat_466": 470, "beat_467": 471, "beat_468": 472, "beat_469": 473, "beat_470": 474, "beat_471": 475, "beat_472": 476, "beat_473": 477, "beat_474": 478, "beat_475": 479, "beat_476": 480, "beat_477": 481, "beat_478": 482, "beat_479": 483, "beat_480": 484, "beat_481": 485, "beat_482": 486, "beat_483": 487, "beat_484": 488, "beat_485": 489, "beat_486": 490, "beat_487": 491, "beat_488": 492, "beat_489": 493, "beat_490": 494, "beat_491": 495, "beat_492": 496, "beat_493": 497, "beat_494": 498, "beat_495": 499, "beat_496": 500, "beat_497": 501, "beat_498": 502, "beat_499": 503, "beat_500": 504, "beat_501": 505, "beat_502": 506, "beat_503": 507, "beat_504": 508, "beat_505": 509, "beat_506": 510, "beat_507": 511, "beat_508": 512, "beat_509": 513, "beat_510": 514, "beat_511": 515, "beat_512": 516, "beat_513": 517, "beat_514": 518, "beat_515": 519, "beat_516": 520, "beat_517": 521, "beat_518": 522, "beat_519": 523, "beat_520": 524, "beat_521": 525, "beat_522": 526, "beat_523": 527, "beat_524": 528, "beat_525": 529, "beat_526": 530, "beat_527": 531, "beat_528": 532, "beat_529": 533, "beat_530": 534, "beat_531": 535, "beat_532": 536, "beat_533": 537, "beat_534": 538, "beat_535": 539, "beat_536": 540, "beat_537": 541, "beat_538": 542, "beat_539": 543, "beat_540": 544, "beat_541": 545, "beat_542": 546, "beat_543": 547, "beat_544": 548, "beat_545": 549, "beat_546": 550, "beat_547": 551, "beat_548": 552, "beat_549": 553, "beat_550": 554, "beat_551": 555, "beat_552": 556, "beat_553": 557, "beat_554": 558, "beat_555": 559, "beat_556": 560, "beat_557": 561, "beat_558": 562, "beat_559": 563, "beat_560": 564, "beat_561": 565, "beat_562": 566, "beat_563": 567, "beat_564": 568, "beat_565": 569, "beat_566": 570, "beat_567": 571, "beat_568": 572, "beat_569": 573, "beat_570": 574, "beat_571": 575, "beat_572": 576, "beat_573": 577, "beat_574": 578, "beat_575": 579, "beat_576": 580, "beat_577": 581, "beat_578": 582, "beat_579": 583, "beat_580": 584, "beat_581": 585, "beat_582": 586, "beat_583": 587, "beat_584": 588, "beat_585": 589, "beat_586": 590, "beat_587": 591, "beat_588": 592, "beat_589": 593, "beat_590": 594, "beat_591": 595, "beat_592": 596, "beat_593": 597, "beat_594": 598, "beat_595": 599, "beat_596": 600, "beat_597": 601, "beat_598": 602, "beat_599": 603, "beat_600": 604, "beat_601": 605, "beat_602": 606, "beat_603": 607, "beat_604": 608, "beat_605": 609, "beat_606": 610, "beat_607": 611, "beat_608": 612, "beat_609": 613, "beat_610": 614, "beat_611": 615, "beat_612": 616, "beat_613": 617, "beat_614": 618, "beat_615": 619, "beat_616": 620, "beat_617": 621, "beat_618": 622, "beat_619": 623, "beat_620": 624, "beat_621": 625, "beat_622": 626, "beat_623": 627, "beat_624": 628, "beat_625": 629, "beat_626": 630, "beat_627": 631, "beat_628": 632, "beat_629": 633, "beat_630": 634, "beat_631": 635, "beat_632": 636, "beat_633": 637, "beat_634": 638, "beat_635": 639, "beat_636": 640, "beat_637": 641, "beat_638": 642, "beat_639": 643, "beat_640": 644, "beat_641": 645, "beat_642": 646, "beat_643": 647, "beat_644": 648, "beat_645": 649, "beat_646": 650, "beat_647": 651, "beat_648": 652, "beat_649": 653, "beat_650": 654, "beat_651": 655, "beat_652": 656, "beat_653": 657, "beat_654": 658, "beat_655": 659, "beat_656": 660, "beat_657": 661, "beat_658": 662, "beat_659": 663, "beat_660": 664, "beat_661": 665, "beat_662": 666, "beat_663": 667, "beat_664": 668, "beat_665": 669, "beat_666": 670, "beat_667": 671, "beat_668": 672, "beat_669": 673, "beat_670": 674, "beat_671": 675, "beat_672": 676, "beat_673": 677, "beat_674": 678, "beat_675": 679, "beat_676": 680, "beat_677": 681, "beat_678": 682, "beat_679": 683, "beat_680": 684, "beat_681": 685, "beat_682": 686, "beat_683": 687, "beat_684": 688, "beat_685": 689, "beat_686": 690, "beat_687": 691, "beat_688": 692, "beat_689": 693, "beat_690": 694, "beat_691": 695, "beat_692": 696, "beat_693": 697, "beat_694": 698, "beat_695": 699, "beat_696": 700, "beat_697": 701, "beat_698": 702, "beat_699": 703, "beat_700": 704, "beat_701": 705, "beat_702": 706, "beat_703": 707, "beat_704": 708, "beat_705": 709, "beat_706": 710, "beat_707": 711, "beat_708": 712, "beat_709": 713, "beat_710": 714, "beat_711": 715, "beat_712": 716, "beat_713": 717, "beat_714": 718, "beat_715": 719, "beat_716": 720, "beat_717": 721, "beat_718": 722, "beat_719": 723, "beat_720": 724, "beat_721": 725, "beat_722": 726, "beat_723": 727, "beat_724": 728, "beat_725": 729, "beat_726": 730, "beat_727": 731, "beat_728": 732, "beat_729": 733, "beat_730": 734, "beat_731": 735, "beat_732": 736, "beat_733": 737, "beat_734": 738, "beat_735": 739, "beat_736": 740, "beat_737": 741, "beat_738": 742, "beat_739": 743, "beat_740": 744, "beat_741": 745, "beat_742": 746, "beat_743": 747, "beat_744": 748, "beat_745": 749, "beat_746": 750, "beat_747": 751, "beat_748": 752, "beat_749": 753, "beat_750": 754, "beat_751": 755, "beat_752": 756, "beat_753": 757, "beat_754": 758, "beat_755": 759, "beat_756": 760, "beat_757": 761, "beat_758": 762, "beat_759": 763, "beat_760": 764, "beat_761": 765, "beat_762": 766, "beat_763": 767, "beat_764": 768, "beat_765": 769, "beat_766": 770, "beat_767": 771, "beat_768": 772, "beat_769": 773, "beat_770": 774, "beat_771": 775, "beat_772": 776, "beat_773": 777, "beat_774": 778, "beat_775": 779, "beat_776": 780, "beat_777": 781, "beat_778": 782, "beat_779": 783, "beat_780": 784, "beat_781": 785, "beat_782": 786, "beat_783": 787, "beat_784": 788, "beat_785": 789, "beat_786": 790, "beat_787": 791, "beat_788": 792, "beat_789": 793, "beat_790": 794, "beat_791": 795, "beat_792": 796, "beat_793": 797, "beat_794": 798, "beat_795": 799, "beat_796": 800, "beat_797": 801, "beat_798": 802, "beat_799": 803, "beat_800": 804, "beat_801": 805, "beat_802": 806, "beat_803": 807, "beat_804": 808, "beat_805": 809, "beat_806": 810, "beat_807": 811, "beat_808": 812, "beat_809": 813, "beat_810": 814, "beat_811": 815, "beat_812": 816, "beat_813": 817, "beat_814": 818, "beat_815": 819, "beat_816": 820, "beat_817": 821, "beat_818": 822, "beat_819": 823, "beat_820": 824, "beat_821": 825, "beat_822": 826, "beat_823": 827, "beat_824": 828, "beat_825": 829, "beat_826": 830, "beat_827": 831, "beat_828": 832, "beat_829": 833, "beat_830": 834, "beat_831": 835, "beat_832": 836, "beat_833": 837, "beat_834": 838, "beat_835": 839, "beat_836": 840, "beat_837": 841, "beat_838": 842, "beat_839": 843, "beat_840": 844, "beat_841": 845, "beat_842": 846, "beat_843": 847, "beat_844": 848, "beat_845": 849, "beat_846": 850, "beat_847": 851, "beat_848": 852, "beat_849": 853, "beat_850": 854, "beat_851": 855, "beat_852": 856, "beat_853": 857, "beat_854": 858, "beat_855": 859, "beat_856": 860, "beat_857": 861, "beat_858": 862, "beat_859": 863, "beat_860": 864, "beat_861": 865, "beat_862": 866, "beat_863": 867, "beat_864": 868, "beat_865": 869, "beat_866": 870, "beat_867": 871, "beat_868": 872, "beat_869": 873, "beat_870": 874, "beat_871": 875, "beat_872": 876, "beat_873": 877, "beat_874": 878, "beat_875": 879, "beat_876": 880, "beat_877": 881, "beat_878": 882, "beat_879": 883, "beat_880": 884, "beat_881": 885, "beat_882": 886, "beat_883": 887, "beat_884": 888, "beat_885": 889, "beat_886": 890, "beat_887": 891, "beat_888": 892, "beat_889": 893, "beat_890": 894, "beat_891": 895, "beat_892": 896, "beat_893": 897, "beat_894": 898, "beat_895": 899, "beat_896": 900, "beat_897": 901, "beat_898": 902, "beat_899": 903, "beat_900": 904, "beat_901": 905, "beat_902": 906, "beat_903": 907, "beat_904": 908, "beat_905": 909, "beat_906": 910, "beat_907": 911, "beat_908": 912, "beat_909": 913, "beat_910": 914, "beat_911": 915, "beat_912": 916, "beat_913": 917, "beat_914": 918, "beat_915": 919, "beat_916": 920, "beat_917": 921, "beat_918": 922, "beat_919": 923, "beat_920": 924, "beat_921": 925, "beat_922": 926, "beat_923": 927, "beat_924": 928, "beat_925": 929, "beat_926": 930, "beat_927": 931, "beat_928": 932, "beat_929": 933, "beat_930": 934, "beat_931": 935, "beat_932": 936, "beat_933": 937, "beat_934": 938, "beat_935": 939, "beat_936": 940, "beat_937": 941, "beat_938": 942, "beat_939": 943, "beat_940": 944, "beat_941": 945, "beat_942": 946, "beat_943": 947, "beat_944": 948, "beat_945": 949, "beat_946": 950, "beat_947": 951, "beat_948": 952, "beat_949": 953, "beat_950": 954, "beat_951": 955, "beat_952": 956, "beat_953": 957, "beat_954": 958, "beat_955": 959, "beat_956": 960, "beat_957": 961, "beat_958": 962, "beat_959": 963, "beat_960": 964, "beat_961": 965, "beat_962": 966, "beat_963": 967, "beat_964": 968, "beat_965": 969, "beat_966": 970, "beat_967": 971, "beat_968": 972, "beat_969": 973, "beat_970": 974, "beat_971": 975, "beat_972": 976, "beat_973": 977, "beat_974": 978, "beat_975": 979, "beat_976": 980, "beat_977": 981, "beat_978": 982, "beat_979": 983, "beat_980": 984, "beat_981": 985, "beat_982": 986, "beat_983": 987, "beat_984": 988, "beat_985": 989, "beat_986": 990, "beat_987": 991, "beat_988": 992, "beat_989": 993, "beat_990": 994, "beat_991": 995, "beat_992": 996, "beat_993": 997, "beat_994": 998, "beat_995": 999, "beat_996": 1000, "beat_997": 1001, "beat_998": 1002, "beat_999": 1003, "beat_1000": 1004, "beat_1001": 1005, "beat_1002": 1006, "beat_1003": 1007, "beat_1004": 1008, "beat_1005": 1009, "beat_1006": 1010, "beat_1007": 1011, "beat_1008": 1012, "beat_1009": 1013, "beat_1010": 1014, "beat_1011": 1015, "beat_1012": 1016, "beat_1013": 1017, "beat_1014": 1018, "beat_1015": 1019, "beat_1016": 1020, "beat_1017": 1021, "beat_1018": 1022, "beat_1019": 1023, "beat_1020": 1024, "beat_1021": 1025, "beat_1022": 1026, "beat_1023": 1027, "position_0": 1028, "position_1": 1029, "position_2": 1030, "position_3": 1031, "position_4": 1032, "position_5": 1033, "position_6": 1034, "position_7": 1035, "position_8": 1036, "position_9": 1037, "position_10": 1038, "position_11": 1039, "position_12": 1040, "position_13": 1041, "position_14": 1042, "position_15": 1043, "position_16": 1044, "position_17": 1045, "position_18": 1046, "position_19": 1047, "position_20": 1048, "position_21": 1049, "position_22": 1050, "position_23": 1051, "instrument_piano": 1052, "instrument_electric-piano": 1053, "instrument_harpsichord": 1054, "instrument_clavinet": 1055, "instrument_celesta": 1056, "instrument_glockenspiel": 1057, "instrument_music-box": 1058, "instrument_vibraphone": 1059, "instrument_marimba": 1060, "instrument_xylophone": 1061, "instrument_tubular-bells": 1062, "instrument_dulcimer": 1063, "instrument_organ": 1064, "instrument_church-organ": 1065, "instrument_accordion": 1066, "instrument_harmonica": 1067, "instrument_bandoneon": 1068, "instrument_nylon-string-guitar": 1069, "instrument_steel-string-guitar": 1070, "instrument_electric-guitar": 1071, "instrument_bass": 1072, "instrument_electric-bass": 1073, "instrument_slap-bass": 1074, "instrument_synth-bass": 1075, "instrument_violin": 1076, "instrument_viola": 1077, "instrument_cello": 1078, "instrument_contrabass": 1079, "instrument_harp": 1080, "instrument_timpani": 1081, "instrument_strings": 1082, "instrument_synth-strings": 1083, "instrument_voices": 1084, "instrument_orchestra-hit": 1085, "instrument_trumpet": 1086, "instrument_trombone": 1087, "instrument_tuba": 1088, "instrument_horn": 1089, "instrument_brasses": 1090, "instrument_synth-brasses": 1091, "instrument_soprano-saxophone": 1092, "instrument_alto-saxophone": 1093, "instrument_tenor-saxophone": 1094, "instrument_baritone-saxophone": 1095, "instrument_oboe": 1096, "instrument_english-horn": 1097, "instrument_bassoon": 1098, "instrument_clarinet": 1099, "instrument_piccolo": 1100, "instrument_flute": 1101, "instrument_recorder": 1102, "instrument_pan-flute": 1103, "instrument_ocarina": 1104, "instrument_lead": 1105, "instrument_pad": 1106, "instrument_sitar": 1107, "instrument_banjo": 1108, "instrument_shamisen": 1109, "instrument_koto": 1110, "instrument_kalimba": 1111, "instrument_bag-pipe": 1112, "instrument_shehnai": 1113, "instrument_melodic-tom": 1114, "instrument_synth-drums": 1115, "pitch_0": 1116, "pitch_1": 1117, "pitch_2": 1118, "pitch_3": 1119, "pitch_4": 1120, "pitch_5": 1121, "pitch_6": 1122, "pitch_7": 1123, "pitch_8": 1124, "pitch_9": 1125, "pitch_10": 1126, "pitch_11": 1127, "pitch_12": 1128, "pitch_13": 1129, "pitch_14": 1130, "pitch_15": 1131, "pitch_16": 1132, "pitch_17": 1133, "pitch_18": 1134, "pitch_19": 1135, "pitch_20": 1136, "pitch_21": 1137, "pitch_22": 1138, "pitch_23": 1139, "pitch_24": 1140, "pitch_25": 1141, "pitch_26": 1142, "pitch_27": 1143, "pitch_28": 1144, "pitch_29": 1145, "pitch_30": 1146, "pitch_31": 1147, "pitch_32": 1148, "pitch_33": 1149, "pitch_34": 1150, "pitch_35": 1151, "pitch_36": 1152, "pitch_37": 1153, "pitch_38": 1154, "pitch_39": 1155, "pitch_40": 1156, "pitch_41": 1157, "pitch_42": 1158, "pitch_43": 1159, "pitch_44": 1160, "pitch_45": 1161, "pitch_46": 1162, "pitch_47": 1163, "pitch_48": 1164, "pitch_49": 1165, "pitch_50": 1166, "pitch_51": 1167, "pitch_52": 1168, "pitch_53": 1169, "pitch_54": 1170, "pitch_55": 1171, "pitch_56": 1172, "pitch_57": 1173, "pitch_58": 1174, "pitch_59": 1175, "pitch_60": 1176, "pitch_61": 1177, "pitch_62": 1178, "pitch_63": 1179, "pitch_64": 1180, "pitch_65": 1181, "pitch_66": 1182, "pitch_67": 1183, "pitch_68": 1184, "pitch_69": 1185, "pitch_70": 1186, "pitch_71": 1187, "pitch_72": 1188, "pitch_73": 1189, "pitch_74": 1190, "pitch_75": 1191, "pitch_76": 1192, "pitch_77": 1193, "pitch_78": 1194, "pitch_79": 1195, "pitch_80": 1196, "pitch_81": 1197, "pitch_82": 1198, "pitch_83": 1199, "pitch_84": 1200, "pitch_85": 1201, "pitch_86": 1202, "pitch_87": 1203, "pitch_88": 1204, "pitch_89": 1205, "pitch_90": 1206, "pitch_91": 1207, "pitch_92": 1208, "pitch_93": 1209, "pitch_94": 1210, "pitch_95": 1211, "pitch_96": 1212, "pitch_97": 1213, "pitch_98": 1214, "pitch_99": 1215, "pitch_100": 1216, "pitch_101": 1217, "pitch_102": 1218, "pitch_103": 1219, "pitch_104": 1220, "pitch_105": 1221, "pitch_106": 1222, "pitch_107": 1223, "pitch_108": 1224, "pitch_109": 1225, "pitch_110": 1226, "pitch_111": 1227, "pitch_112": 1228, "pitch_113": 1229, "pitch_114": 1230, "pitch_115": 1231, "pitch_116": 1232, "pitch_117": 1233, "pitch_118": 1234, "pitch_119": 1235, "pitch_120": 1236, "pitch_121": 1237, "pitch_122": 1238, "pitch_123": 1239, "pitch_124": 1240, "pitch_125": 1241, "pitch_126": 1242, "pitch_127": 1243, "duration_1": 1244, "duration_2": 1245, "duration_3": 1246, "duration_12": 1247, "duration_15": 1248, "duration_16": 1249, "duration_18": 1250, "duration_20": 1251, "duration_21": 1252, "duration_24": 1253, "duration_30": 1254, "duration_36": 1255, "duration_40": 1256, "duration_42": 1257, "duration_48": 1258, "duration_60": 1259, "duration_72": 1260, "duration_84": 1261, "duration_96": 1262, "duration_120": 1263, "duration_144": 1264, "duration_168": 1265, "duration_192": 1266, "duration_384": 1267}, "code_event_map": {"0": "start-of-song", "1": "end-of-song", "2": "start-of-track", "3": "end-of-track", "4": "beat_0", "5": "beat_1", "6": "beat_2", "7": "beat_3", "8": "beat_4", "9": "beat_5", "10": "beat_6", "11": "beat_7", "12": "beat_8", "13": "beat_9", "14": "beat_10", "15": "beat_11", "16": "beat_12", "17": "beat_13", "18": "beat_14", "19": "beat_15", "20": "beat_16", "21": "beat_17", "22": "beat_18", "23": "beat_19", "24": "beat_20", "25": "beat_21", "26": "beat_22", "27": "beat_23", "28": "beat_24", "29": "beat_25", "30": "beat_26", "31": "beat_27", "32": "beat_28", "33": "beat_29", "34": "beat_30", "35": "beat_31", "36": "beat_32", "37": "beat_33", "38": "beat_34", "39": "beat_35", "40": "beat_36", "41": "beat_37", "42": "beat_38", "43": "beat_39", "44": "beat_40", "45": "beat_41", "46": "beat_42", "47": "beat_43", "48": "beat_44", "49": "beat_45", "50": "beat_46", "51": "beat_47", "52": "beat_48", "53": "beat_49", "54": "beat_50", "55": "beat_51", "56": "beat_52", "57": "beat_53", "58": "beat_54", "59": "beat_55", "60": "beat_56", "61": "beat_57", "62": "beat_58", "63": "beat_59", "64": "beat_60", "65": "beat_61", "66": "beat_62", "67": "beat_63", "68": "beat_64", "69": "beat_65", "70": "beat_66", "71": "beat_67", "72": "beat_68", "73": "beat_69", "74": "beat_70", "75": "beat_71", "76": "beat_72", "77": "beat_73", "78": "beat_74", "79": "beat_75", "80": "beat_76", "81": "beat_77", "82": "beat_78", "83": "beat_79", "84": "beat_80", "85": "beat_81", "86": "beat_82", "87": "beat_83", "88": "beat_84", "89": "beat_85", "90": "beat_86", "91": "beat_87", "92": "beat_88", "93": "beat_89", "94": "beat_90", "95": "beat_91", "96": "beat_92", "97": "beat_93", "98": "beat_94", "99": "beat_95", "100": "beat_96", "101": "beat_97", "102": "beat_98", "103": "beat_99", "104": "beat_100", "105": "beat_101", "106": "beat_102", "107": "beat_103", "108": "beat_104", "109": "beat_105", "110": "beat_106", "111": "beat_107", "112": "beat_108", "113": "beat_109", "114": "beat_110", "115": "beat_111", "116": "beat_112", "117": "beat_113", "118": "beat_114", "119": "beat_115", "120": "beat_116", "121": "beat_117", "122": "beat_118", "123": "beat_119", "124": "beat_120", "125": "beat_121", "126": "beat_122", "127": "beat_123", "128": "beat_124", "129": "beat_125", "130": "beat_126", "131": "beat_127", "132": "beat_128", "133": "beat_129", "134": "beat_130", "135": "beat_131", "136": "beat_132", "137": "beat_133", "138": "beat_134", "139": "beat_135", "140": "beat_136", "141": "beat_137", "142": "beat_138", "143": "beat_139", "144": "beat_140", "145": "beat_141", "146": "beat_142", "147": "beat_143", "148": "beat_144", "149": "beat_145", "150": "beat_146", "151": "beat_147", "152": "beat_148", "153": "beat_149", "154": "beat_150", "155": "beat_151", "156": "beat_152", "157": "beat_153", "158": "beat_154", "159": "beat_155", "160": "beat_156", "161": "beat_157", "162": "beat_158", "163": "beat_159", "164": "beat_160", "165": "beat_161", "166": "beat_162", "167": "beat_163", "168": "beat_164", "169": "beat_165", "170": "beat_166", "171": "beat_167", "172": "beat_168", "173": "beat_169", "174": "beat_170", "175": "beat_171", "176": "beat_172", "177": "beat_173", "178": "beat_174", "179": "beat_175", "180": "beat_176", "181": "beat_177", "182": "beat_178", "183": "beat_179", "184": "beat_180", "185": "beat_181", "186": "beat_182", "187": "beat_183", "188": "beat_184", "189": "beat_185", "190": "beat_186", "191": "beat_187", "192": "beat_188", "193": "beat_189", "194": "beat_190", "195": "beat_191", "196": "beat_192", "197": "beat_193", "198": "beat_194", "199": "beat_195", "200": "beat_196", "201": "beat_197", "202": "beat_198", "203": "beat_199", "204": "beat_200", "205": "beat_201", "206": "beat_202", "207": "beat_203", "208": "beat_204", "209": "beat_205", "210": "beat_206", "211": "beat_207", "212": "beat_208", "213": "beat_209", "214": "beat_210", "215": "beat_211", "216": "beat_212", "217": "beat_213", "218": "beat_214", "219": "beat_215", "220": "beat_216", "221": "beat_217", "222": "beat_218", "223": "beat_219", "224": "beat_220", "225": "beat_221", "226": "beat_222", "227": "beat_223", "228": "beat_224", "229": "beat_225", "230": "beat_226", "231": "beat_227", "232": "beat_228", "233": "beat_229", "234": "beat_230", "235": "beat_231", "236": "beat_232", "237": "beat_233", "238": "beat_234", "239": "beat_235", "240": "beat_236", "241": "beat_237", "242": "beat_238", "243": "beat_239", "244": "beat_240", "245": "beat_241", "246": "beat_242", "247": "beat_243", "248": "beat_244", "249": "beat_245", "250": "beat_246", "251": "beat_247", "252": "beat_248", "253": "beat_249", "254": "beat_250", "255": "beat_251", "256": "beat_252", "257": "beat_253", "258": "beat_254", "259": "beat_255", "260": "beat_256", "261": "beat_257", "262": "beat_258", "263": "beat_259", "264": "beat_260", "265": "beat_261", "266": "beat_262", "267": "beat_263", "268": "beat_264", "269": "beat_265", "270": "beat_266", "271": "beat_267", "272": "beat_268", "273": "beat_269", "274": "beat_270", "275": "beat_271", "276": "beat_272", "277": "beat_273", "278": "beat_274", "279": "beat_275", "280": "beat_276", "281": "beat_277", "282": "beat_278", "283": "beat_279", "284": "beat_280", "285": "beat_281", "286": "beat_282", "287": "beat_283", "288": "beat_284", "289": "beat_285", "290": "beat_286", "291": "beat_287", "292": "beat_288", "293": "beat_289", "294": "beat_290", "295": "beat_291", "296": "beat_292", "297": "beat_293", "298": "beat_294", "299": "beat_295", "300": "beat_296", "301": "beat_297", "302": "beat_298", "303": "beat_299", "304": "beat_300", "305": "beat_301", "306": "beat_302", "307": "beat_303", "308": "beat_304", "309": "beat_305", "310": "beat_306", "311": "beat_307", "312": "beat_308", "313": "beat_309", "314": "beat_310", "315": "beat_311", "316": "beat_312", "317": "beat_313", "318": "beat_314", "319": "beat_315", "320": "beat_316", "321": "beat_317", "322": "beat_318", "323": "beat_319", "324": "beat_320", "325": "beat_321", "326": "beat_322", "327": "beat_323", "328": "beat_324", "329": "beat_325", "330": "beat_326", "331": "beat_327", "332": "beat_328", "333": "beat_329", "334": "beat_330", "335": "beat_331", "336": "beat_332", "337": "beat_333", "338": "beat_334", "339": "beat_335", "340": "beat_336", "341": "beat_337", "342": "beat_338", "343": "beat_339", "344": "beat_340", "345": "beat_341", "346": "beat_342", "347": "beat_343", "348": "beat_344", "349": "beat_345", "350": "beat_346", "351": "beat_347", "352": "beat_348", "353": "beat_349", "354": "beat_350", "355": "beat_351", "356": "beat_352", "357": "beat_353", "358": "beat_354", "359": "beat_355", "360": "beat_356", "361": "beat_357", "362": "beat_358", "363": "beat_359", "364": "beat_360", "365": "beat_361", "366": "beat_362", "367": "beat_363", "368": "beat_364", "369": "beat_365", "370": "beat_366", "371": "beat_367", "372": "beat_368", "373": "beat_369", "374": "beat_370", "375": "beat_371", "376": "beat_372", "377": "beat_373", "378": "beat_374", "379": "beat_375", "380": "beat_376", "381": "beat_377", "382": "beat_378", "383": "beat_379", "384": "beat_380", "385": "beat_381", "386": "beat_382", "387": "beat_383", "388": "beat_384", "389": "beat_385", "390": "beat_386", "391": "beat_387", "392": "beat_388", "393": "beat_389", "394": "beat_390", "395": "beat_391", "396": "beat_392", "397": "beat_393", "398": "beat_394", "399": "beat_395", "400": "beat_396", "401": "beat_397", "402": "beat_398", "403": "beat_399", "404": "beat_400", "405": "beat_401", "406": "beat_402", "407": "beat_403", "408": "beat_404", "409": "beat_405", "410": "beat_406", "411": "beat_407", "412": "beat_408", "413": "beat_409", "414": "beat_410", "415": "beat_411", "416": "beat_412", "417": "beat_413", "418": "beat_414", "419": "beat_415", "420": "beat_416", "421": "beat_417", "422": "beat_418", "423": "beat_419", "424": "beat_420", "425": "beat_421", "426": "beat_422", "427": "beat_423", "428": "beat_424", "429": "beat_425", "430": "beat_426", "431": "beat_427", "432": "beat_428", "433": "beat_429", "434": "beat_430", "435": "beat_431", "436": "beat_432", "437": "beat_433", "438": "beat_434", "439": "beat_435", "440": "beat_436", "441": "beat_437", "442": "beat_438", "443": "beat_439", "444": "beat_440", "445": "beat_441", "446": "beat_442", "447": "beat_443", "448": "beat_444", "449": "beat_445", "450": "beat_446", "451": "beat_447", "452": "beat_448", "453": "beat_449", "454": "beat_450", "455": "beat_451", "456": "beat_452", "457": "beat_453", "458": "beat_454", "459": "beat_455", "460": "beat_456", "461": "beat_457", "462": "beat_458", "463": "beat_459", "464": "beat_460", "465": "beat_461", "466": "beat_462", "467": "beat_463", "468": "beat_464", "469": "beat_465", "470": "beat_466", "471": "beat_467", "472": "beat_468", "473": "beat_469", "474": "beat_470", "475": "beat_471", "476": "beat_472", "477": "beat_473", "478": "beat_474", "479": "beat_475", "480": "beat_476", "481": "beat_477", "482": "beat_478", "483": "beat_479", "484": "beat_480", "485": "beat_481", "486": "beat_482", "487": "beat_483", "488": "beat_484", "489": "beat_485", "490": "beat_486", "491": "beat_487", "492": "beat_488", "493": "beat_489", "494": "beat_490", "495": "beat_491", "496": "beat_492", "497": "beat_493", "498": "beat_494", "499": "beat_495", "500": "beat_496", "501": "beat_497", "502": "beat_498", "503": "beat_499", "504": "beat_500", "505": "beat_501", "506": "beat_502", "507": "beat_503", "508": "beat_504", "509": "beat_505", "510": "beat_506", "511": "beat_507", "512": "beat_508", "513": "beat_509", "514": "beat_510", "515": "beat_511", "516": "beat_512", "517": "beat_513", "518": "beat_514", "519": "beat_515", "520": "beat_516", "521": "beat_517", "522": "beat_518", "523": "beat_519", "524": "beat_520", "525": "beat_521", "526": "beat_522", "527": "beat_523", "528": "beat_524", "529": "beat_525", "530": "beat_526", "531": "beat_527", "532": "beat_528", "533": "beat_529", "534": "beat_530", "535": "beat_531", "536": "beat_532", "537": "beat_533", "538": "beat_534", "539": "beat_535", "540": "beat_536", "541": "beat_537", "542": "beat_538", "543": "beat_539", "544": "beat_540", "545": "beat_541", "546": "beat_542", "547": "beat_543", "548": "beat_544", "549": "beat_545", "550": "beat_546", "551": "beat_547", "552": "beat_548", "553": "beat_549", "554": "beat_550", "555": "beat_551", "556": "beat_552", "557": "beat_553", "558": "beat_554", "559": "beat_555", "560": "beat_556", "561": "beat_557", "562": "beat_558", "563": "beat_559", "564": "beat_560", "565": "beat_561", "566": "beat_562", "567": "beat_563", "568": "beat_564", "569": "beat_565", "570": "beat_566", "571": "beat_567", "572": "beat_568", "573": "beat_569", "574": "beat_570", "575": "beat_571", "576": "beat_572", "577": "beat_573", "578": "beat_574", "579": "beat_575", "580": "beat_576", "581": "beat_577", "582": "beat_578", "583": "beat_579", "584": "beat_580", "585": "beat_581", "586": "beat_582", "587": "beat_583", "588": "beat_584", "589": "beat_585", "590": "beat_586", "591": "beat_587", "592": "beat_588", "593": "beat_589", "594": "beat_590", "595": "beat_591", "596": "beat_592", "597": "beat_593", "598": "beat_594", "599": "beat_595", "600": "beat_596", "601": "beat_597", "602": "beat_598", "603": "beat_599", "604": "beat_600", "605": "beat_601", "606": "beat_602", "607": "beat_603", "608": "beat_604", "609": "beat_605", "610": "beat_606", "611": "beat_607", "612": "beat_608", "613": "beat_609", "614": "beat_610", "615": "beat_611", "616": "beat_612", "617": "beat_613", "618": "beat_614", "619": "beat_615", "620": "beat_616", "621": "beat_617", "622": "beat_618", "623": "beat_619", "624": "beat_620", "625": "beat_621", "626": "beat_622", "627": "beat_623", "628": "beat_624", "629": "beat_625", "630": "beat_626", "631": "beat_627", "632": "beat_628", "633": "beat_629", "634": "beat_630", "635": "beat_631", "636": "beat_632", "637": "beat_633", "638": "beat_634", "639": "beat_635", "640": "beat_636", "641": "beat_637", "642": "beat_638", "643": "beat_639", "644": "beat_640", "645": "beat_641", "646": "beat_642", "647": "beat_643", "648": "beat_644", "649": "beat_645", "650": "beat_646", "651": "beat_647", "652": "beat_648", "653": "beat_649", "654": "beat_650", "655": "beat_651", "656": "beat_652", "657": "beat_653", "658": "beat_654", "659": "beat_655", "660": "beat_656", "661": "beat_657", "662": "beat_658", "663": "beat_659", "664": "beat_660", "665": "beat_661", "666": "beat_662", "667": "beat_663", "668": "beat_664", "669": "beat_665", "670": "beat_666", "671": "beat_667", "672": "beat_668", "673": "beat_669", "674": "beat_670", "675": "beat_671", "676": "beat_672", "677": "beat_673", "678": "beat_674", "679": "beat_675", "680": "beat_676", "681": "beat_677", "682": "beat_678", "683": "beat_679", "684": "beat_680", "685": "beat_681", "686": "beat_682", "687": "beat_683", "688": "beat_684", "689": "beat_685", "690": "beat_686", "691": "beat_687", "692": "beat_688", "693": "beat_689", "694": "beat_690", "695": "beat_691", "696": "beat_692", "697": "beat_693", "698": "beat_694", "699": "beat_695", "700": "beat_696", "701": "beat_697", "702": "beat_698", "703": "beat_699", "704": "beat_700", "705": "beat_701", "706": "beat_702", "707": "beat_703", "708": "beat_704", "709": "beat_705", "710": "beat_706", "711": "beat_707", "712": "beat_708", "713": "beat_709", "714": "beat_710", "715": "beat_711", "716": "beat_712", "717": "beat_713", "718": "beat_714", "719": "beat_715", "720": "beat_716", "721": "beat_717", "722": "beat_718", "723": "beat_719", "724": "beat_720", "725": "beat_721", "726": "beat_722", "727": "beat_723", "728": "beat_724", "729": "beat_725", "730": "beat_726", "731": "beat_727", "732": "beat_728", "733": "beat_729", "734": "beat_730", "735": "beat_731", "736": "beat_732", "737": "beat_733", "738": "beat_734", "739": "beat_735", "740": "beat_736", "741": "beat_737", "742": "beat_738", "743": "beat_739", "744": "beat_740", "745": "beat_741", "746": "beat_742", "747": "beat_743", "748": "beat_744", "749": "beat_745", "750": "beat_746", "751": "beat_747", "752": "beat_748", "753": "beat_749", "754": "beat_750", "755": "beat_751", "756": "beat_752", "757": "beat_753", "758": "beat_754", "759": "beat_755", "760": "beat_756", "761": "beat_757", "762": "beat_758", "763": "beat_759", "764": "beat_760", "765": "beat_761", "766": "beat_762", "767": "beat_763", "768": "beat_764", "769": "beat_765", "770": "beat_766", "771": "beat_767", "772": "beat_768", "773": "beat_769", "774": "beat_770", "775": "beat_771", "776": "beat_772", "777": "beat_773", "778": "beat_774", "779": "beat_775", "780": "beat_776", "781": "beat_777", "782": "beat_778", "783": "beat_779", "784": "beat_780", "785": "beat_781", "786": "beat_782", "787": "beat_783", "788": "beat_784", "789": "beat_785", "790": "beat_786", "791": "beat_787", "792": "beat_788", "793": "beat_789", "794": "beat_790", "795": "beat_791", "796": "beat_792", "797": "beat_793", "798": "beat_794", "799": "beat_795", "800": "beat_796", "801": "beat_797", "802": "beat_798", "803": "beat_799", "804": "beat_800", "805": "beat_801", "806": "beat_802", "807": "beat_803", "808": "beat_804", "809": "beat_805", "810": "beat_806", "811": "beat_807", "812": "beat_808", "813": "beat_809", "814": "beat_810", "815": "beat_811", "816": "beat_812", "817": "beat_813", "818": "beat_814", "819": "beat_815", "820": "beat_816", "821": "beat_817", "822": "beat_818", "823": "beat_819", "824": "beat_820", "825": "beat_821", "826": "beat_822", "827": "beat_823", "828": "beat_824", "829": "beat_825", "830": "beat_826", "831": "beat_827", "832": "beat_828", "833": "beat_829", "834": "beat_830", "835": "beat_831", "836": "beat_832", "837": "beat_833", "838": "beat_834", "839": "beat_835", "840": "beat_836", "841": "beat_837", "842": "beat_838", "843": "beat_839", "844": "beat_840", "845": "beat_841", "846": "beat_842", "847": "beat_843", "848": "beat_844", "849": "beat_845", "850": "beat_846", "851": "beat_847", "852": "beat_848", "853": "beat_849", "854": "beat_850", "855": "beat_851", "856": "beat_852", "857": "beat_853", "858": "beat_854", "859": "beat_855", "860": "beat_856", "861": "beat_857", "862": "beat_858", "863": "beat_859", "864": "beat_860", "865": "beat_861", "866": "beat_862", "867": "beat_863", "868": "beat_864", "869": "beat_865", "870": "beat_866", "871": "beat_867", "872": "beat_868", "873": "beat_869", "874": "beat_870", "875": "beat_871", "876": "beat_872", "877": "beat_873", "878": "beat_874", "879": "beat_875", "880": "beat_876", "881": "beat_877", "882": "beat_878", "883": "beat_879", "884": "beat_880", "885": "beat_881", "886": "beat_882", "887": "beat_883", "888": "beat_884", "889": "beat_885", "890": "beat_886", "891": "beat_887", "892": "beat_888", "893": "beat_889", "894": "beat_890", "895": "beat_891", "896": "beat_892", "897": "beat_893", "898": "beat_894", "899": "beat_895", "900": "beat_896", "901": "beat_897", "902": "beat_898", "903": "beat_899", "904": "beat_900", "905": "beat_901", "906": "beat_902", "907": "beat_903", "908": "beat_904", "909": "beat_905", "910": "beat_906", "911": "beat_907", "912": "beat_908", "913": "beat_909", "914": "beat_910", "915": "beat_911", "916": "beat_912", "917": "beat_913", "918": "beat_914", "919": "beat_915", "920": "beat_916", "921": "beat_917", "922": "beat_918", "923": "beat_919", "924": "beat_920", "925": "beat_921", "926": "beat_922", "927": "beat_923", "928": "beat_924", "929": "beat_925", "930": "beat_926", "931": "beat_927", "932": "beat_928", "933": "beat_929", "934": "beat_930", "935": "beat_931", "936": "beat_932", "937": "beat_933", "938": "beat_934", "939": "beat_935", "940": "beat_936", "941": "beat_937", "942": "beat_938", "943": "beat_939", "944": "beat_940", "945": "beat_941", "946": "beat_942", "947": "beat_943", "948": "beat_944", "949": "beat_945", "950": "beat_946", "951": "beat_947", "952": "beat_948", "953": "beat_949", "954": "beat_950", "955": "beat_951", "956": "beat_952", "957": "beat_953", "958": "beat_954", "959": "beat_955", "960": "beat_956", "961": "beat_957", "962": "beat_958", "963": "beat_959", "964": "beat_960", "965": "beat_961", "966": "beat_962", "967": "beat_963", "968": "beat_964", "969": "beat_965", "970": "beat_966", "971": "beat_967", "972": "beat_968", "973": "beat_969", "974": "beat_970", "975": "beat_971", "976": "beat_972", "977": "beat_973", "978": "beat_974", "979": "beat_975", "980": "beat_976", "981": "beat_977", "982": "beat_978", "983": "beat_979", "984": "beat_980", "985": "beat_981", "986": "beat_982", "987": "beat_983", "988": "beat_984", "989": "beat_985", "990": "beat_986", "991": "beat_987", "992": "beat_988", "993": "beat_989", "994": "beat_990", "995": "beat_991", "996": "beat_992", "997": "beat_993", "998": "beat_994", "999": "beat_995", "1000": "beat_996", "1001": "beat_997", "1002": "beat_998", "1003": "beat_999", "1004": "beat_1000", "1005": "beat_1001", "1006": "beat_1002", "1007": "beat_1003", "1008": "beat_1004", "1009": "beat_1005", "1010": "beat_1006", "1011": "beat_1007", "1012": "beat_1008", "1013": "beat_1009", "1014": "beat_1010", "1015": "beat_1011", "1016": "beat_1012", "1017": "beat_1013", "1018": "beat_1014", "1019": "beat_1015", "1020": "beat_1016", "1021": "beat_1017", "1022": "beat_1018", "1023": "beat_1019", "1024": "beat_1020", "1025": "beat_1021", "1026": "beat_1022", "1027": "beat_1023", "1028": "position_0", "1029": "position_1", "1030": "position_2", "1031": "position_3", "1032": "position_4", "1033": "position_5", "1034": "position_6", "1035": "position_7", "1036": "position_8", "1037": "position_9", "1038": "position_10", "1039": "position_11", "1040": "position_12", "1041": "position_13", "1042": "position_14", "1043": "position_15", "1044": "position_16", "1045": "position_17", "1046": "position_18", "1047": "position_19", "1048": "position_20", "1049": "position_21", "1050": "position_22", "1051": "position_23", "1052": "instrument_piano", "1053": "instrument_electric-piano", "1054": "instrument_harpsichord", "1055": "instrument_clavinet", "1056": "instrument_celesta", "1057": "instrument_glockenspiel", "1058": "instrument_music-box", "1059": "instrument_vibraphone", "1060": "instrument_marimba", "1061": "instrument_xylophone", "1062": "instrument_tubular-bells", "1063": "instrument_dulcimer", "1064": "instrument_organ", "1065": "instrument_church-organ", "1066": "instrument_accordion", "1067": "instrument_harmonica", "1068": "instrument_bandoneon", "1069": "instrument_nylon-string-guitar", "1070": "instrument_steel-string-guitar", "1071": "instrument_electric-guitar", "1072": "instrument_bass", "1073": "instrument_electric-bass", "1074": "instrument_slap-bass", "1075": "instrument_synth-bass", "1076": "instrument_violin", "1077": "instrument_viola", "1078": "instrument_cello", "1079": "instrument_contrabass", "1080": "instrument_harp", "1081": "instrument_timpani", "1082": "instrument_strings", "1083": "instrument_synth-strings", "1084": "instrument_voices", "1085": "instrument_orchestra-hit", "1086": "instrument_trumpet", "1087": "instrument_trombone", "1088": "instrument_tuba", "1089": "instrument_horn", "1090": "instrument_brasses", "1091": "instrument_synth-brasses", "1092": "instrument_soprano-saxophone", "1093": "instrument_alto-saxophone", "1094": "instrument_tenor-saxophone", "1095": "instrument_baritone-saxophone", "1096": "instrument_oboe", "1097": "instrument_english-horn", "1098": "instrument_bassoon", "1099": "instrument_clarinet", "1100": "instrument_piccolo", "1101": "instrument_flute", "1102": "instrument_recorder", "1103": "instrument_pan-flute", "1104": "instrument_ocarina", "1105": "instrument_lead", "1106": "instrument_pad", "1107": "instrument_sitar", "1108": "instrument_banjo", "1109": "instrument_shamisen", "1110": "instrument_koto", "1111": "instrument_kalimba", "1112": "instrument_bag-pipe", "1113": "instrument_shehnai", "1114": "instrument_melodic-tom", "1115": "instrument_synth-drums", "1116": "pitch_0", "1117": "pitch_1", "1118": "pitch_2", "1119": "pitch_3", "1120": "pitch_4", "1121": "pitch_5", "1122": "pitch_6", "1123": "pitch_7", "1124": "pitch_8", "1125": "pitch_9", "1126": "pitch_10", "1127": "pitch_11", "1128": "pitch_12", "1129": "pitch_13", "1130": "pitch_14", "1131": "pitch_15", "1132": "pitch_16", "1133": "pitch_17", "1134": "pitch_18", "1135": "pitch_19", "1136": "pitch_20", "1137": "pitch_21", "1138": "pitch_22", "1139": "pitch_23", "1140": "pitch_24", "1141": "pitch_25", "1142": "pitch_26", "1143": "pitch_27", "1144": "pitch_28", "1145": "pitch_29", "1146": "pitch_30", "1147": "pitch_31", "1148": "pitch_32", "1149": "pitch_33", "1150": "pitch_34", "1151": "pitch_35", "1152": "pitch_36", "1153": "pitch_37", "1154": "pitch_38", "1155": "pitch_39", "1156": "pitch_40", "1157": "pitch_41", "1158": "pitch_42", "1159": "pitch_43", "1160": "pitch_44", "1161": "pitch_45", "1162": "pitch_46", "1163": "pitch_47", "1164": "pitch_48", "1165": "pitch_49", "1166": "pitch_50", "1167": "pitch_51", "1168": "pitch_52", "1169": "pitch_53", "1170": "pitch_54", "1171": "pitch_55", "1172": "pitch_56", "1173": "pitch_57", "1174": "pitch_58", "1175": "pitch_59", "1176": "pitch_60", "1177": "pitch_61", "1178": "pitch_62", "1179": "pitch_63", "1180": "pitch_64", "1181": "pitch_65", "1182": "pitch_66", "1183": "pitch_67", "1184": "pitch_68", "1185": "pitch_69", "1186": "pitch_70", "1187": "pitch_71", "1188": "pitch_72", "1189": "pitch_73", "1190": "pitch_74", "1191": "pitch_75", "1192": "pitch_76", "1193": "pitch_77", "1194": "pitch_78", "1195": "pitch_79", "1196": "pitch_80", "1197": "pitch_81", "1198": "pitch_82", "1199": "pitch_83", "1200": "pitch_84", "1201": "pitch_85", "1202": "pitch_86", "1203": "pitch_87", "1204": "pitch_88", "1205": "pitch_89", "1206": "pitch_90", "1207": "pitch_91", "1208": "pitch_92", "1209": "pitch_93", "1210": "pitch_94", "1211": "pitch_95", "1212": "pitch_96", "1213": "pitch_97", "1214": "pitch_98", "1215": "pitch_99", "1216": "pitch_100", "1217": "pitch_101", "1218": "pitch_102", "1219": "pitch_103", "1220": "pitch_104", "1221": "pitch_105", "1222": "pitch_106", "1223": "pitch_107", "1224": "pitch_108", "1225": "pitch_109", "1226": "pitch_110", "1227": "pitch_111", "1228": "pitch_112", "1229": "pitch_113", "1230": "pitch_114", "1231": "pitch_115", "1232": "pitch_116", "1233": "pitch_117", "1234": "pitch_118", "1235": "pitch_119", "1236": "pitch_120", "1237": "pitch_121", "1238": "pitch_122", "1239": "pitch_123", "1240": "pitch_124", "1241": "pitch_125", "1242": "pitch_126", "1243": "pitch_127", "1244": "duration_1", "1245": "duration_2", "1246": "duration_3", "1247": "duration_12", "1248": "duration_15", "1249": "duration_16", "1250": "duration_18", "1251": "duration_20", "1252": "duration_21", "1253": "duration_24", "1254": "duration_30", "1255": "duration_36", "1256": "duration_40", "1257": "duration_42", "1258": "duration_48", "1259": "duration_60", "1260": "duration_72", "1261": "duration_84", "1262": "duration_96", "1263": "duration_120", "1264": "duration_144", "1265": "duration_168", "1266": "duration_192", "1267": "duration_384"}}