{"dataset": "sod", "train_names": "data/sod/processed/train-names.txt", "valid_names": "data/sod/processed/valid-names.txt", "in_dir": "data/sod/processed/notes", "out_dir": "/home/kinnryuu/\u30c0\u30a6\u30f3\u30ed\u30fc\u30c9/Dragon_model/exp/sod/ape", "batch_size": 8, "use_csv": false, "aug": true, "max_seq_len": 1024, "max_beat": 256, "dim": 512, "layers": 6, "heads": 8, "dropout": 0.2, "abs_pos_emb": true, "rel_pos_emb": false, "steps": 200000, "valid_steps": 1000, "early_stopping": true, "early_stopping_tolerance": 20, "learning_rate": 0.0005, "learning_rate_discriminator": 1e-05, "lr_warmup_steps": 5000, "lr_decay_steps": 100000, "lr_decay_multiplier": 0.1, "grad_norm_clip": 1.0, "seq_len": 1024, "temperature": 1.0, "filter": "top_k", "filter_threshold": 0.9, "gpu": 0, "jobs": 4, "quiet": false}